id,subject
1710,Optics
211474,Endocrinology & Metabolism
2639,Optics
204417,Virology
288165,Polymer Science
278155,"Chemistry, Physical"
198470,Biochemistry & Molecular Biology
240076,Statistics & Probability
239137,"Geosciences, Multidisciplinary"
280029,Oncology
155836,"Physics, Multidisciplinary"
275592,Immunology
56994,Immunology
106068,"Chemistry, Analytical"
279320,Mechanics
294412,Oncology
169270,Peripheral Vascular Disease
249943,"Physics, Nuclear"
290882,Immunology
187183,Polymer Science
177291,Anesthesiology
284205,Biochemistry & Molecular Biology
121985,"Physics, Fluids & Plasmas"
86334,Plant Sciences
233587,Telecommunications
303959,Telecommunications
6174,Instruments & Instrumentation
275660,Toxicology
49651,"Physics, Applied"
80387,Biotechnology & Applied Microbiology
244418,Zoology
206175,Crystallography
124029,"Physics, Applied"
227752,"Computer Science, Hardware & Architecture"
124284,Cardiac & Cardiovascular Systems
33776,Clinical Neurology
210752,Cardiac & Cardiovascular Systems
290848,Transplantation
259079,"Physics, Multidisciplinary"
34582,Biophysics
115989,Food Science & Technology
17615,Hematology
179543,"Physics, Mathematical"
238176,Urology & Nephrology
156235,"Computer Science, Hardware & Architecture"
309170,Thermodynamics
169055,Surgery
50844,"Physics, Condensed Matter"
240517,Hematology
228284,"Computer Science, Theory & Methods"
240630,Hematology
228882,"Engineering, Electrical & Electronic"
71715,"Physics, Atomic, Molecular & Chemical"
146777,"Computer Science, Interdisciplinary Applications"
203179,Spectroscopy
184756,Biochemistry & Molecular Biology
29484,Biochemical Research Methods
279401,Microbiology
242109,Astronomy & Astrophysics
239137,"Geography, Physical"
104906,Cardiac & Cardiovascular Systems
27303,"Physics, Condensed Matter"
19651,Astronomy & Astrophysics
53302,Evolutionary Biology
81321,Ecology
58024,Astronomy & Astrophysics
217248,"Computer Science, Information Systems"
76344,"Engineering, Chemical"
121893,Metallurgy & Metallurgical Engineering
227369,Telecommunications
233566,"Engineering, Electrical & Electronic"
19895,"Computer Science, Theory & Methods"
196149,Oncology
71520,Respiratory System
154481,Multidisciplinary Sciences
86931,"Physics, Multidisciplinary"
248539,Infectious Diseases
153501,"Computer Science, Theory & Methods"
84576,Biochemistry & Molecular Biology
214650,Optics
159417,Hematology
178096,Neurosciences
153383,"Engineering, Multidisciplinary"
83612,Polymer Science
218148,Immunology
104292,Astronomy & Astrophysics
301999,"Engineering, Biomedical"
244093,Cell Biology
218404,Health Care Sciences & Services
288632,Transportation Science & Technology
312278,Transportation Science & Technology
119069,"Physics, Multidisciplinary"
233382,"Engineering, Electrical & Electronic"
296250,"Computer Science, Hardware & Architecture"
92737,"Chemistry, Physical"
135188,"Materials Science, Multidisciplinary"
113469,Astronomy & Astrophysics
5528,"Physics, Particles & Fields"
110003,Urology & Nephrology
19895,"Engineering, Electrical & Electronic"
220304,"Computer Science, Information Systems"
233541,"Computer Science, Information Systems"
53882,Astronomy & Astrophysics
93970,Genetics & Heredity
1697,"Physics, Applied"
82637,"Medicine, General & Internal"
172333,"Engineering, Electrical & Electronic"
313134,"Computer Science, Hardware & Architecture"
194779,Gastroenterology & Hepatology
38000,"Physics, Mathematical"
290422,"Chemistry, Analytical"
92737,"Physics, Applied"
297437,Oncology
73104,Cardiac & Cardiovascular Systems
247757,Biochemistry & Molecular Biology
110017,Hematology
113968,Instruments & Instrumentation
254235,"Physics, Applied"
254235,"Chemistry, Physical"
38699,"Physics, Multidisciplinary"
167555,Endocrinology & Metabolism
259506,"Psychology, Multidisciplinary"
213710,Cell Biology
133868,Electrochemistry
78950,Astronomy & Astrophysics
61989,"Computer Science, Information Systems"
315689,"Computer Science, Hardware & Architecture"
221906,Geology
69739,"Physics, Atomic, Molecular & Chemical"
181413,Optics
111565,"Physics, Particles & Fields"
292060,"Physics, Multidisciplinary"
170485,"Physics, Multidisciplinary"
164544,Hematology
32296,Parasitology
124950,Oncology
129553,Cell Biology
210753,Cardiac & Cardiovascular Systems
304268,"Computer Science, Theory & Methods"
170377,Fisheries
222894,"Computer Science, Theory & Methods"
286678,Cardiac & Cardiovascular Systems
208388,Urology & Nephrology
245,"Physics, Atomic, Molecular & Chemical"
317322,Telecommunications
189929,"Physics, Mathematical"
219926,Ecology
225501,"Engineering, Industrial"
253356,Astronomy & Astrophysics
290882,Hematology
231931,"Engineering, Electrical & Electronic"
37539,Astronomy & Astrophysics
177048,"Physics, Condensed Matter"
199005,Astronomy & Astrophysics
291572,Endocrinology & Metabolism
120658,"Engineering, Electrical & Electronic"
258354,Multidisciplinary Sciences
294249,"Computer Science, Hardware & Architecture"
237812,Biotechnology & Applied Microbiology
235341,Oncology
98060,Peripheral Vascular Disease
254713,"Engineering, Manufacturing"
47187,"Radiology, Nuclear Medicine & Medical Imaging"
133994,"Physics, Multidisciplinary"
69026,"Physics, Multidisciplinary"
231849,"Computer Science, Hardware & Architecture"
159647,Hematology
116711,"Physics, Nuclear"
102266,Geochemistry & Geophysics
282600,Genetics & Heredity
48329,"Materials Science, Multidisciplinary"
38841,Astronomy & Astrophysics
213779,Hematology
282570,Cardiac & Cardiovascular Systems
15102,Hematology
104757,Cell Biology
175081,"Engineering, Chemical"
245394,Telecommunications
187993,Peripheral Vascular Disease
259784,"Physics, Multidisciplinary"
236338,Cell Biology
220634,"Computer Science, Artificial Intelligence"
310413,Astronomy & Astrophysics
111999,Anatomy & Morphology
7489,Astronomy & Astrophysics
233402,Telecommunications
147365,"Engineering, Manufacturing"
83082,"Chemistry, Medicinal"
314247,"Engineering, Industrial"
43169,Astronomy & Astrophysics
170001,Oncology
172333,"Computer Science, Artificial Intelligence"
125616,Urology & Nephrology
197926,Water Resources
111999,"Radiology, Nuclear Medicine & Medical Imaging"
77073,Telecommunications
13750,Astronomy & Astrophysics
282004,Transplantation
57930,"Chemistry, Applied"
221658,"Agriculture, Dairy & Animal Science"
244418,Physiology
49303,"Medicine, Research & Experimental"
308997,"Engineering, Electrical & Electronic"
133582,Cell Biology
26672,Evolutionary Biology
116644,"Materials Science, Multidisciplinary"
280009,Hematology
218527,"Engineering, Chemical"
310458,Astronomy & Astrophysics
238177,Urology & Nephrology
55776,"Psychology, Multidisciplinary"
108452,Oncology
187238,"Physics, Multidisciplinary"
81659,Surgery
95911,"Physics, Condensed Matter"
153523,Telecommunications
188152,Urology & Nephrology
203846,Astronomy & Astrophysics
21267,Biophysics
125577,Urology & Nephrology
87328,Peripheral Vascular Disease
174396,Urology & Nephrology
249347,Peripheral Vascular Disease
167389,"Physics, Particles & Fields"
217428,Business
60763,Transplantation
33556,Biochemistry & Molecular Biology
214001,"Materials Science, Coatings & Films"
282264,Cardiac & Cardiovascular Systems
153501,Remote Sensing
122198,"Geosciences, Multidisciplinary"
63948,Astronomy & Astrophysics
223729,"Computer Science, Theory & Methods"
219791,Optics
228886,"Computer Science, Information Systems"
286553,"Materials Science, Multidisciplinary"
173538,Biotechnology & Applied Microbiology
127024,Genetics & Heredity
159390,Hematology
140398,"Computer Science, Interdisciplinary Applications"
6873,Respiratory System
280024,Hematology
78954,Astronomy & Astrophysics
27114,Biochemistry & Molecular Biology
113249,Biophysics
37516,Astronomy & Astrophysics
299713,Urology & Nephrology
272648,Hematology
220065,Telecommunications
171658,Biochemistry & Molecular Biology
230414,Pharmacology & Pharmacy
281352,"Chemistry, Multidisciplinary"
244396,"Physics, Fluids & Plasmas"
179731,"Physics, Condensed Matter"
73766,"Computer Science, Software Engineering"
275732,"Engineering, Chemical"
244222,Surgery
283849,Oncology
300083,"Engineering, Electrical & Electronic"
201031,Biotechnology & Applied Microbiology
146793,"Computer Science, Artificial Intelligence"
122198,"Geography, Physical"
275571,Polymer Science
206175,"Materials Science, Multidisciplinary"
248328,Hematology
200471,"Physics, Applied"
133868,Instruments & Instrumentation
5437,"Medicine, Research & Experimental"
234526,"Physics, Nuclear"
120801,Meteorology & Atmospheric Sciences
217248,"Engineering, Electrical & Electronic"
66312,Medical Laboratory Technology
24240,"Physics, Particles & Fields"
31661,"Physics, Multidisciplinary"
240429,Hematology
244383,"Physics, Particles & Fields"
248118,Mechanics
56994,Virology
255470,Hematology
12476,Virology
275592,Virology
57201,Multidisciplinary Sciences
6168,Instruments & Instrumentation
63636,Cardiac & Cardiovascular Systems
263973,Biochemistry & Molecular Biology
131781,Hematology
310515,"Physics, Applied"
285425,Pharmacology & Pharmacy
84000,Peripheral Vascular Disease
87373,Paleontology
222900,"Computer Science, Theory & Methods"
194774,Cardiac & Cardiovascular Systems
286516,"Physics, Multidisciplinary"
153501,"Computer Science, Information Systems"
266814,Astronomy & Astrophysics
228882,"Computer Science, Information Systems"
168357,Neurosciences
159394,Hematology
248129,Biology
262683,Pathology
5542,"Physics, Multidisciplinary"
169062,Surgery
60763,Immunology
56433,Clinical Neurology
216645,Plant Sciences
140837,"Materials Science, Multidisciplinary"
161236,Mathematics
137542,"Computer Science, Theory & Methods"
147365,Telecommunications
224738,"Physics, Applied"
266394,"Physics, Mathematical"
252106,Cardiac & Cardiovascular Systems
86334,Biochemistry & Molecular Biology
4274,Obstetrics & Gynecology
56433,Surgery
88215,Astronomy & Astrophysics
275136,"Medicine, General & Internal"
172187,Infectious Diseases
42180,Oncology
93807,"Medicine, General & Internal"
318053,"Engineering, Electrical & Electronic"
34591,Oncology
27303,"Materials Science, Multidisciplinary"
82990,Hematology
54786,"Materials Science, Multidisciplinary"
219926,Genetics & Heredity
179273,"Medicine, Research & Experimental"
159036,"Physics, Multidisciplinary"
80347,"Agriculture, Dairy & Animal Science"
113968,Nuclear Science & Technology
279401,Virology
129298,"Physics, Multidisciplinary"
64735,"Materials Science, Multidisciplinary"
204416,Virology
222840,"Engineering, Mechanical"
230891,"Computer Science, Hardware & Architecture"
131775,Oncology
227379,"Engineering, Electrical & Electronic"
18535,Veterinary Sciences
207386,"Physics, Applied"
228281,"Computer Science, Theory & Methods"
288164,Polymer Science
159363,"Chemistry, Inorganic & Nuclear"
238841,"Physics, Particles & Fields"
290848,Hematology
284443,"Physics, Mathematical"
150879,"Engineering, Electrical & Electronic"
228239,"Engineering, Electrical & Electronic"
162668,Optics
14137,Biochemical Research Methods
221244,"Computer Science, Theory & Methods"
293112,Pharmacology & Pharmacy
200531,"Chemistry, Multidisciplinary"
150137,"Engineering, Electrical & Electronic"
282049,"Physics, Multidisciplinary"
25703,"Physics, Applied"
168716,"Physics, Nuclear"
192033,Oncology
216761,"Computer Science, Hardware & Architecture"
142307,Health Care Sciences & Services
271861,"Geosciences, Multidisciplinary"
259506,Psychology
309295,"Engineering, Manufacturing"
263375,Astronomy & Astrophysics
309170,Energy & Fuels
211172,"Engineering, Electrical & Electronic"
287100,Cardiac & Cardiovascular Systems
248129,Cell Biology
109099,Cell Biology
30067,Information Science & Library Science
271155,Nuclear Science & Technology
26764,Cardiac & Cardiovascular Systems
78298,Astronomy & Astrophysics
106719,Infectious Diseases
313182,"Computer Science, Information Systems"
153813,Multidisciplinary Sciences
233541,"Engineering, Electrical & Electronic"
71906,Food Science & Technology
282004,Immunology
98498,Astronomy & Astrophysics
19895,"Computer Science, Information Systems"
5533,"Physics, Particles & Fields"
263864,Astronomy & Astrophysics
198648,Genetics & Heredity
315497,"Mathematics, Applied"
116615,Astronomy & Astrophysics
140838,Crystallography
151141,"Engineering, Environmental"
77639,Food Science & Technology
227381,"Engineering, Electrical & Electronic"
132513,Orthopedics
104360,Biochemistry & Molecular Biology
194936,Critical Care Medicine
203991,"Chemistry, Multidisciplinary"
191794,Hematology
307275,Genetics & Heredity
306959,Telecommunications
86489,Surgery
25467,"Physics, Multidisciplinary"
202235,"Engineering, Chemical"
34968,"Physics, Applied"
151429,Telecommunications
300083,"Computer Science, Software Engineering"
108007,Neurosciences
22059,Neurosciences
6178,Instruments & Instrumentation
313152,"Computer Science, Hardware & Architecture"
78946,Astronomy & Astrophysics
112611,Hematology
240387,Hematology
22059,Endocrinology & Metabolism
187240,Astronomy & Astrophysics
35515,Instruments & Instrumentation
150970,"Computer Science, Theory & Methods"
248915,"Agriculture, Dairy & Animal Science"
159948,Oncology
63908,Astronomy & Astrophysics
120801,"Engineering, Environmental"
184538,Oncology
297916,Plant Sciences
116936,"Physics, Particles & Fields"
23794,Metallurgy & Metallurgical Engineering
140838,"Materials Science, Multidisciplinary"
203991,"Chemistry, Physical"
202183,Cell Biology
224079,Biochemistry & Molecular Biology
13158,Hematology
60763,Hematology
72557,Cardiac & Cardiovascular Systems
212972,Hematology
64902,Urology & Nephrology
74240,Surgery
211172,Nuclear Science & Technology
154292,"Physics, Applied"
270781,Oncology
188725,Environmental Sciences
276039,Astronomy & Astrophysics
42460,Biochemistry & Molecular Biology
164545,Peripheral Vascular Disease
245462,Water Resources
255000,Astronomy & Astrophysics
280006,Hematology
18738,"Physics, Applied"
233393,Telecommunications
261132,"Engineering, Mechanical"
69739,"Chemistry, Physical"
165419,Cell Biology
185052,"Physics, Atomic, Molecular & Chemical"
5522,"Physics, Particles & Fields"
273217,"Physics, Particles & Fields"
8378,Cardiac & Cardiovascular Systems
160074,Hematology
15104,Hematology
119102,Biochemistry & Molecular Biology
225501,Operations Research & Management Science
261383,Neurosciences
273010,Biochemistry & Molecular Biology
158268,Telecommunications
35106,"Physics, Particles & Fields"
147304,"Engineering, Electrical & Electronic"
124272,Cardiac & Cardiovascular Systems
152807,Telecommunications
110390,Multidisciplinary Sciences
280007,Oncology
58025,Astronomy & Astrophysics
26129,"Physics, Applied"
241548,Cardiac & Cardiovascular Systems
255406,Urology & Nephrology
295399,Genetics & Heredity
178934,Instruments & Instrumentation
259752,"Chemistry, Medicinal"
120658,"Computer Science, Information Systems"
57160,Urology & Nephrology
2405,Optics
65108,Oncology
6175,Instruments & Instrumentation
71568,Biochemical Research Methods
2094,Astronomy & Astrophysics
10569,"Engineering, Petroleum"
14025,"Mathematics, Applied"
187321,"Chemistry, Physical"
240708,"Physics, Multidisciplinary"
70254,Biodiversity Conservation
56041,Mechanics
113249,Biochemistry & Molecular Biology
290848,Immunology
151430,Telecommunications
113968,"Physics, Particles & Fields"
220634,"Engineering, Multidisciplinary"
103612,Telecommunications
259428,"Chemistry, Analytical"
95911,"Materials Science, Multidisciplinary"
185598,Clinical Neurology
255878,Oceanography
237771,"Agriculture, Dairy & Animal Science"
185052,Optics
153383,"Engineering, Electrical & Electronic"
256630,Pharmacology & Pharmacy
290868,Oncology
15205,Astronomy & Astrophysics
315158,Endocrinology & Metabolism
310382,"Materials Science, Multidisciplinary"
99538,Biotechnology & Applied Microbiology
218779,Telecommunications
80073,Oncology
290422,Spectroscopy
290882,Transplantation
43056,"Chemistry, Physical"
233398,Telecommunications
225330,"Computer Science, Theory & Methods"
11412,Telecommunications
240632,Hematology
213271,"Physics, Multidisciplinary"
229074,"Computer Science, Hardware & Architecture"
207959,Biophysics
109301,Astronomy & Astrophysics
112561,Hematology
38593,Geochemistry & Geophysics
40271,Biotechnology & Applied Microbiology
205881,"Computer Science, Information Systems"
155205,Pharmacology & Pharmacy
218771,"Engineering, Electrical & Electronic"
63433,"Computer Science, Interdisciplinary Applications"
28046,"Engineering, Mechanical"
228886,"Engineering, Electrical & Electronic"
293576,Polymer Science
217428,Political Science
168357,Endocrinology & Metabolism
74386,Clinical Neurology
184533,Hematology
185272,"Chemistry, Medicinal"
145159,"Physics, Applied"
199752,Cardiac & Cardiovascular Systems
282004,Hematology
204450,Astronomy & Astrophysics
124185,Neurosciences
115210,Cardiac & Cardiovascular Systems
310916,Astronomy & Astrophysics
153443,"Engineering, Electrical & Electronic"
191807,Hematology
6173,Instruments & Instrumentation
57201,Biology
36409,"Physics, Multidisciplinary"
198508,Geochemistry & Geophysics
228215,Telecommunications
240038,"Materials Science, Coatings & Films"
71715,"Chemistry, Physical"
170134,"Physics, Condensed Matter"
31852,"Physics, Condensed Matter"
140837,Crystallography
268592,"Medicine, General & Internal"
185965,Oncology
51686,Urology & Nephrology
200987,"Chemistry, Physical"
63433,"Computer Science, Information Systems"
122690,Hematology
309295,"Engineering, Industrial"
218782,"Computer Science, Theory & Methods"
201831,Biophysics
99751,Immunology
262034,Evolutionary Biology
55857,Telecommunications
212438,Mechanics
153840,Telecommunications
38662,Oncology
240441,Hematology
155641,Urology & Nephrology
14025,Mathematics
106385,Neurosciences
21861,Astronomy & Astrophysics
87328,Cardiac & Cardiovascular Systems
252967,Acoustics
234202,Robotics
39459,"Physics, Multidisciplinary"
236225,Urology & Nephrology
150881,Telecommunications
52485,"Physics, Applied"
97745,Endocrinology & Metabolism
229262,"Computer Science, Hardware & Architecture"
72814,Clinical Neurology
137287,"Physics, Multidisciplinary"
14043,Hematology
191811,Hematology
282348,"Computer Science, Interdisciplinary Applications"
266394,Mechanics
216761,"Computer Science, Software Engineering"
258920,"Chemistry, Medicinal"
94363,Biodiversity Conservation
276367,Genetics & Heredity
255468,Hematology
113968,Spectroscopy
19517,Neurosciences
166559,"Geosciences, Multidisciplinary"
215147,"Chemistry, Multidisciplinary"
155292,Transplantation
266036,Food Science & Technology
186440,"Engineering, Electrical & Electronic"
279401,Parasitology
121966,"Physics, Particles & Fields"
218404,Medical Informatics
74240,Orthopedics
297443,Mechanics
250321,"Physics, Multidisciplinary"
209077,Immunology
233750,"Engineering, Electrical & Electronic"
280799,Infectious Diseases
76451,Astronomy & Astrophysics
14560,Gastroenterology & Hepatology
69286,Environmental Sciences
121194,"Computer Science, Artificial Intelligence"
3001,"Physics, Particles & Fields"
246823,Microbiology
316486,"Computer Science, Theory & Methods"
172017,Hematology
78378,"Chemistry, Physical"
308338,"Physics, Applied"
29233,Polymer Science
207137,"Physics, Condensed Matter"
30175,Astronomy & Astrophysics
18092,Respiratory System
20419,"Medicine, General & Internal"
280247,Mining & Mineral Processing
66463,Astronomy & Astrophysics
141505,"Chemistry, Multidisciplinary"
124290,"Physics, Applied"
217872,"Geography, Physical"
6171,Instruments & Instrumentation
124290,"Chemistry, Physical"
13756,"Physics, Particles & Fields"
238861,Astronomy & Astrophysics
116390,Hematology
134412,"Computer Science, Artificial Intelligence"
214001,"Physics, Applied"
190056,Gerontology
258465,"Computer Science, Information Systems"
74920,Urology & Nephrology
90110,Endocrinology & Metabolism
125628,Urology & Nephrology
140398,"Computer Science, Theory & Methods"
159408,Hematology
212151,Surgery
98060,Cardiac & Cardiovascular Systems
295326,Neurosciences
71568,Spectroscopy
96839,"Physics, Mathematical"
288165,"Materials Science, Multidisciplinary"
151954,Agronomy
34557,Transplantation
189878,Genetics & Heredity
166559,"Computer Science, Interdisciplinary Applications"
308997,"Computer Science, Hardware & Architecture"
26129,Energy & Fuels
305770,Orthopedics
205880,Telecommunications
249346,Hematology
294249,"Engineering, Electrical & Electronic"
212151,Clinical Neurology
44092,Food Science & Technology
217428,Law
137725,"Computer Science, Artificial Intelligence"
218811,Cardiac & Cardiovascular Systems
261132,"Engineering, Manufacturing"
203179,Instruments & Instrumentation
84040,Astronomy & Astrophysics
13517,"Engineering, Petroleum"
78964,Astronomy & Astrophysics
149313,Telecommunications
252411,Immunology
217872,"Geosciences, Multidisciplinary"
231931,"Computer Science, Hardware & Architecture"
207944,Immunology
65119,Hematology
235685,Neurosciences
110000,Urology & Nephrology
87329,Cell Biology
219798,Optics
201084,"Engineering, Mechanical"
6359,Geochemistry & Geophysics
152848,"Engineering, Electrical & Electronic"
207924,Transplantation
214283,"Medicine, General & Internal"
111564,"Physics, Particles & Fields"
78558,Orthopedics
114792,Immunology
260939,"Medicine, Research & Experimental"
134213,Virology
220792,Nuclear Science & Technology
202183,Pathology
123499,Biochemistry & Molecular Biology
34582,Oncology
302835,"Computer Science, Information Systems"
268384,Neurosciences
120269,Oncology
286553,Polymer Science
157463,Surgery
280016,Oncology
99751,Hematology
294023,Urology & Nephrology
111999,Surgery
302886,"Computer Science, Software Engineering"
162066,"Physics, Particles & Fields"
154398,Astronomy & Astrophysics
269036,"Physics, Multidisciplinary"
122690,Immunology
238232,Hematology
176733,Remote Sensing
116938,"Physics, Particles & Fields"
220634,"Computer Science, Interdisciplinary Applications"
243290,"Physics, Nuclear"
233517,Telecommunications
131774,Hematology
41841,"Physics, Condensed Matter"
159516,Hematology
176733,Environmental Sciences
243306,"Physics, Nuclear"
63332,"Geosciences, Multidisciplinary"
73767,"Mathematics, Applied"
147773,"Engineering, Electrical & Electronic"
302866,"Computer Science, Theory & Methods"
208393,Urology & Nephrology
315689,"Engineering, Electrical & Electronic"
169062,Orthopedics
229418,Surgery
28302,Optics
110181,Hematology
296250,"Engineering, Electrical & Electronic"
214780,"Computer Science, Artificial Intelligence"
115503,Hematology
6179,Instruments & Instrumentation
242893,Urology & Nephrology
76114,"Engineering, Electrical & Electronic"
74472,Pharmacology & Pharmacy
233382,"Computer Science, Hardware & Architecture"
142799,Oncology
213710,Genetics & Heredity
21267,Oncology
310382,"Physics, Multidisciplinary"
207386,Energy & Fuels
316486,"Computer Science, Artificial Intelligence"
229418,"Engineering, Electrical & Electronic"
48998,Astronomy & Astrophysics
39487,"Physics, Condensed Matter"
306468,"Medicine, Research & Experimental"
259506,Psychiatry
282022,Urology & Nephrology
75366,Infectious Diseases
82850,Hematology
310522,"Physics, Applied"
18292,"Physics, Mathematical"
157463,Clinical Neurology
26871,Astronomy & Astrophysics
245462,"Engineering, Civil"
219700,"Engineering, Electrical & Electronic"
124290,"Chemistry, Multidisciplinary"
34564,Transplantation
159450,Hematology
129553,Genetics & Heredity
221719,"Chemistry, Medicinal"
313182,"Computer Science, Hardware & Architecture"
259645,Astronomy & Astrophysics
96661,Pharmacology & Pharmacy
188997,Mycology
25814,Telecommunications
4979,Biotechnology & Applied Microbiology
63529,"Computer Science, Information Systems"
140398,Remote Sensing
288906,"Physics, Applied"
219345,"Computer Science, Artificial Intelligence"
5527,"Physics, Particles & Fields"
166900,Urology & Nephrology
86489,Orthopedics
92737,"Materials Science, Coatings & Films"
78378,"Chemistry, Multidisciplinary"
25467,"Physics, Particles & Fields"
259752,"Chemistry, Organic"
284684,"Computer Science, Information Systems"
26672,Ecology
156235,"Engineering, Electrical & Electronic"
132513,Surgery
144008,"Computer Science, Theory & Methods"
175942,"Physics, Condensed Matter"
313134,"Computer Science, Theory & Methods"
28302,"Physics, Atomic, Molecular & Chemical"
255879,Oceanography
275571,"Chemistry, Applied"
24209,"Physics, Multidisciplinary"
65513,Nuclear Science & Technology
235293,Hematology
104360,"Chemistry, Multidisciplinary"
134412,"Computer Science, Theory & Methods"
179819,"Physics, Mathematical"
155280,Urology & Nephrology
27815,Biochemistry & Molecular Biology
155174,Astronomy & Astrophysics
291841,Telecommunications
75011,Oncology
306257,Biochemical Research Methods
126475,"Materials Science, Multidisciplinary"
207944,Hematology
128546,Endocrinology & Metabolism
81659,Anatomy & Morphology
90834,Astronomy & Astrophysics
119102,Oncology
121893,"Physics, Applied"
273010,Oncology
38884,Plant Sciences
227752,"Engineering, Electrical & Electronic"
114792,Hematology
240928,Oncology
288632,Telecommunications
285036,"Engineering, Mechanical"
222840,"Engineering, Manufacturing"
104757,Immunology
12635,Biochemistry & Molecular Biology
316721,Virology
57838,Biochemistry & Molecular Biology
221731,Biochemistry & Molecular Biology
293543,Oncology
125556,Urology & Nephrology
219926,Evolutionary Biology
81659,"Radiology, Nuclear Medicine & Medical Imaging"
254713,Operations Research & Management Science
308020,"Chemistry, Organic"
72814,Pathology
140398,"Computer Science, Information Systems"
156071,Nuclear Science & Technology
151954,Plant Sciences
194986,Telecommunications
58023,Astronomy & Astrophysics
10569,Energy & Fuels
34557,Hematology
69300,Medical Laboratory Technology
191750,Hematology
252066,Astronomy & Astrophysics
228073,"Engineering, Electrical & Electronic"
19641,Astronomy & Astrophysics
283288,"Physics, Applied"
302886,"Engineering, Electrical & Electronic"
159613,Hematology
151141,"Engineering, Ocean"
78945,Astronomy & Astrophysics
154292,"Materials Science, Coatings & Films"
227913,Telecommunications
258464,Telecommunications
124130,Biochemistry & Molecular Biology
73584,Urology & Nephrology
142619,Telecommunications
10353,"Geography, Physical"
110017,"Medicine, Research & Experimental"
261383,"Psychology, Experimental"
75083,"Engineering, Electrical & Electronic"
288164,"Materials Science, Multidisciplinary"
83835,"Materials Science, Multidisciplinary"
3002,Astronomy & Astrophysics
124290,Nanoscience & Nanotechnology
242856,"Education, Scientific Disciplines"
42181,Oncology
32111,Neurosciences
186440,"Computer Science, Information Systems"
71189,Infectious Diseases
201831,Biochemistry & Molecular Biology
207924,Hematology
66530,Hematology
52838,"Engineering, Electrical & Electronic"
30634,Hematology
309295,Operations Research & Management Science
307003,"Computer Science, Artificial Intelligence"
156939,Biochemistry & Molecular Biology
25606,Hematology
242111,Astronomy & Astrophysics
151954,Horticulture
253489,Urology & Nephrology
85183,Pharmacology & Pharmacy
229074,"Engineering, Electrical & Electronic"
57930,"Engineering, Chemical"
240560,Hematology
142307,Medical Informatics
203179,Nuclear Science & Technology
187542,"Computer Science, Artificial Intelligence"
10353,"Geosciences, Multidisciplinary"
209077,Virology
223383,Cell Biology
133868,"Chemistry, Analytical"
270924,Infectious Diseases
108519,Polymer Science
169925,"Physics, Nuclear"
96661,Biochemistry & Molecular Biology
228215,Transportation Science & Technology
37559,Astronomy & Astrophysics
164545,Cardiac & Cardiovascular Systems
209255,"Chemistry, Physical"
79684,"Radiology, Nuclear Medicine & Medical Imaging"
219973,"Physics, Multidisciplinary"
19648,Astronomy & Astrophysics
231849,"Computer Science, Information Systems"
224058,"Physics, Particles & Fields"
20223,"Chemistry, Organic"
83022,Hematology
168944,Astronomy & Astrophysics
135093,"Agriculture, Multidisciplinary"
146033,Peripheral Vascular Disease
89763,Peripheral Vascular Disease
105751,Endocrinology & Metabolism
34591,Biophysics
224954,"Physics, Fluids & Plasmas"
84088,Astronomy & Astrophysics
122690,Transplantation
13753,Astronomy & Astrophysics
134412,"Computer Science, Cybernetics"
218776,"Engineering, Electrical & Electronic"
309367,"Physics, Nuclear"
271550,Clinical Neurology
249638,Neurosciences
10486,"Physics, Multidisciplinary"
278403,Biochemistry & Molecular Biology
76447,Astronomy & Astrophysics
34564,Immunology
240038,"Physics, Applied"
88887,Urology & Nephrology
240038,"Chemistry, Physical"
104295,Astronomy & Astrophysics
241548,Peripheral Vascular Disease
316486,"Computer Science, Information Systems"
127377,"Physics, Particles & Fields"
20147,"Physics, Multidisciplinary"
295399,Cell Biology
98921,"Physics, Nuclear"
6177,Instruments & Instrumentation
26672,Genetics & Heredity
155292,Hematology
55776,Respiratory System
7425,Astronomy & Astrophysics
258465,"Engineering, Electrical & Electronic"
140753,"Chemistry, Physical"
16136,Cell Biology
187238,"Physics, Particles & Fields"
1469,"Physics, Nuclear"
301030,"Computer Science, Theory & Methods"
310382,Polymer Science
313134,"Computer Science, Information Systems"
256142,"Physics, Particles & Fields"
5252,"Engineering, Petroleum"
280247,Nuclear Science & Technology
227381,"Computer Science, Hardware & Architecture"
156939,Neurosciences
109667,Mathematics
6176,Instruments & Instrumentation
65513,Instruments & Instrumentation
228287,"Computer Science, Theory & Methods"
198699,Anesthesiology
62916,Infectious Diseases
140395,"Computer Science, Theory & Methods"
34557,Immunology
63529,"Engineering, Electrical & Electronic"
168286,Astronomy & Astrophysics
233749,"Engineering, Electrical & Electronic"
108452,Biochemistry & Molecular Biology
131246,"Physics, Particles & Fields"
286267,Biochemistry & Molecular Biology
41841,"Materials Science, Multidisciplinary"
223321,"Computer Science, Theory & Methods"
232720,Astronomy & Astrophysics
76585,Environmental Sciences
302254,"Mathematics, Applied"
313152,"Engineering, Electrical & Electronic"
200718,Dermatology
76114,"Computer Science, Information Systems"
110936,"Physics, Nuclear"
27699,"Physics, Mathematical"
4979,Oncology
306203,"Computer Science, Artificial Intelligence"
43790,"Physics, Mathematical"
169055,Orthopedics
120801,Energy & Fuels
196392,"Physics, Multidisciplinary"
158336,Tropical Medicine
197926,"Engineering, Civil"
69300,"Medicine, Research & Experimental"
254253,Urology & Nephrology
229418,"Computer Science, Information Systems"
6169,Instruments & Instrumentation
125571,Urology & Nephrology
240400,Hematology
259079,"Physics, Particles & Fields"
117846,Hematology
2069,"Physics, Multidisciplinary"
25019,Meteorology & Atmospheric Sciences
286677,Cardiac & Cardiovascular Systems
237082,Food Science & Technology
227379,"Computer Science, Hardware & Architecture"
249350,Urology & Nephrology
207924,Immunology
128918,"Chemistry, Multidisciplinary"
114792,Transplantation
83322,Polymer Science
251185,Neurosciences
228122,Telecommunications
302835,"Engineering, Electrical & Electronic"
280247,"Materials Science, Multidisciplinary"
233541,"Computer Science, Interdisciplinary Applications"
189929,Mechanics
290868,Biophysics
230891,"Computer Science, Theory & Methods"
261037,Urology & Nephrology
288068,Cardiac & Cardiovascular Systems
207944,Transplantation
207959,Oncology
280470,Hematology
13327,Environmental Sciences
284535,"Chemistry, Medicinal"
178936,Instruments & Instrumentation
235341,Biochemistry & Molecular Biology
62194,"Chemistry, Medicinal"
118909,Astronomy & Astrophysics
170485,"Physics, Particles & Fields"
173596,Instruments & Instrumentation
203179,"Physics, Particles & Fields"
179548,Nuclear Science & Technology
31852,"Physics, Mathematical"
263481,Hematology
273783,"Engineering, Mechanical"
314098,Astronomy & Astrophysics
83020,Hematology
237029,Urology & Nephrology
309170,"Engineering, Mechanical"
278403,Neurosciences
219800,Optics
84000,Cardiac & Cardiovascular Systems
160000,Geochemistry & Geophysics
24208,"Physics, Multidisciplinary"
302835,"Computer Science, Theory & Methods"
140398,"Computer Science, Cybernetics"
56194,Multidisciplinary Sciences
71568,"Chemistry, Analytical"
6180,Instruments & Instrumentation
258262,Biochemistry & Molecular Biology
83082,"Chemistry, Organic"
175942,"Materials Science, Multidisciplinary"
255881,Oceanography
33900,"Engineering, Chemical"
225501,"Engineering, Manufacturing"
99751,Transplantation
192971,"Physics, Applied"
220943,"Engineering, Electrical & Electronic"
316486,"Computer Science, Software Engineering"
254713,"Engineering, Industrial"
126475,"Physics, Condensed Matter"
202183,Immunology
34968,"Materials Science, Coatings & Films"
53291,Anthropology
147329,"Engineering, Electrical & Electronic"
275571,"Chemistry, Organic"
34564,Hematology
280028,Hematology
78957,Astronomy & Astrophysics
177081,Behavioral Sciences
54502,Hematology
260939,Cell Biology
274365,Hematology
174544,Astronomy & Astrophysics
203399,Optics
228878,Telecommunications
144929,"Computer Science, Information Systems"
27815,Biophysics
79175,Oncology
92785,"Physics, Applied"
267082,"Physics, Condensed Matter"
297586,"Materials Science, Multidisciplinary"
69437,Multidisciplinary Sciences
109888,Cardiac & Cardiovascular Systems
303646,"Geosciences, Multidisciplinary"
276814,Endocrinology & Metabolism
219350,"Computer Science, Artificial Intelligence"
67204,Virology
7502,Rheumatology
116937,Astronomy & Astrophysics
93134,Biotechnology & Applied Microbiology
291270,Urology & Nephrology
155292,Immunology
234345,"Engineering, Electrical & Electronic"
311742,"Engineering, Electrical & Electronic"
159532,Hematology
83446,Oceanography
198956,Orthopedics
170134,"Chemistry, Physical"
233398,"Computer Science, Hardware & Architecture"
11412,"Computer Science, Hardware & Architecture"
262418,Pathology
13750,"Physics, Particles & Fields"
129553,Biochemistry & Molecular Biology
159679,Hematology
76585,Water Resources
290868,Hematology
201084,"Engineering, Chemical"
7486,Astronomy & Astrophysics
82991,Hematology
101644,"Physics, Atomic, Molecular & Chemical"
56388,Veterinary Sciences
31852,"Physics, Applied"
206175,"Physics, Applied"
170134,"Physics, Applied"
153840,"Computer Science, Information Systems"
171821,Astronomy & Astrophysics
257302,"Engineering, Manufacturing"
164545,Hematology
103612,"Computer Science, Hardware & Architecture"
151430,"Computer Science, Hardware & Architecture"
84503,Biochemical Research Methods
52838,Telecommunications
235738,Cardiac & Cardiovascular Systems
213710,Biochemistry & Molecular Biology
247757,Cell Biology
11786,Peripheral Vascular Disease
271527,Hematology
191490,Oncology
38841,"Physics, Particles & Fields"
142619,"Engineering, Electrical & Electronic"
160074,Peripheral Vascular Disease
159699,Hematology
43790,"Physics, Fluids & Plasmas"
288512,Peripheral Vascular Disease
75083,Telecommunications
177081,Neurosciences
143630,"Physics, Condensed Matter"
122743,Zoology
62416,"Chemistry, Multidisciplinary"
97657,Hematology
57930,"Chemistry, Physical"
75366,Virology
27219,Agronomy
78959,Astronomy & Astrophysics
92785,"Physics, Mathematical"
240399,Hematology
315227,Water Resources
184533,Oncology
170377,Veterinary Sciences
73766,"Mathematics, Applied"
84576,Cell Biology
227913,"Engineering, Electrical & Electronic"
258464,"Engineering, Electrical & Electronic"
159476,Hematology
236226,Urology & Nephrology
117211,Orthopedics
60763,Oncology
97646,Hematology
295399,Oncology
259654,Astronomy & Astrophysics
65529,Astronomy & Astrophysics
13902,Nuclear Science & Technology
252105,Cardiac & Cardiovascular Systems
7384,Thermodynamics
280006,Oncology
209255,"Engineering, Chemical"
282021,Urology & Nephrology
258465,Telecommunications
245462,"Geosciences, Multidisciplinary"
181250,Cell Biology
200987,"Chemistry, Analytical"
6172,Instruments & Instrumentation
61989,Health Care Sciences & Services
198945,Cardiac & Cardiovascular Systems
259084,Geochemistry & Geophysics
37528,Astronomy & Astrophysics
125938,"Engineering, Electrical & Electronic"
34564,Biophysics
218527,Energy & Fuels
10355,"Geography, Physical"
304945,Rheumatology
184538,Hematology
6185,Instruments & Instrumentation
281805,"Physics, Applied"
315998,Surgery
69982,Hematology
248706,"Mathematics, Applied"
308118,Pediatrics
205880,"Computer Science, Information Systems"
280007,Hematology
63332,"Engineering, Civil"
118956,Oncology
125155,"Computer Science, Hardware & Architecture"
274331,Hematology
277506,Microbiology
259615,Astronomy & Astrophysics
87767,"Chemistry, Organic"
278487,Biochemical Research Methods
5525,"Physics, Particles & Fields"
48329,"Chemistry, Physical"
34591,Immunology
218776,Telecommunications
223200,Optics
271334,Geochemistry & Geophysics
215900,Astronomy & Astrophysics
145159,Instruments & Instrumentation
184000,Endocrinology & Metabolism
80347,Food Science & Technology
10355,"Geosciences, Multidisciplinary"
146817,Astronomy & Astrophysics
92656,Surgery
59564,Astronomy & Astrophysics
233393,"Computer Science, Hardware & Architecture"
234934,"Chemistry, Physical"
101644,Optics
140753,"Engineering, Chemical"
255195,Neurosciences
299202,Astronomy & Astrophysics
203846,"Physics, Particles & Fields"
83807,"Chemistry, Analytical"
121194,"Engineering, Manufacturing"
302835,Telecommunications
257301,"Engineering, Industrial"
228122,"Engineering, Electrical & Electronic"
91326,Cardiac & Cardiovascular Systems
286267,Biochemical Research Methods
90574,"Computer Science, Information Systems"
122743,Physiology
262519,Biochemistry & Molecular Biology
285036,"Engineering, Chemical"
237771,Food Science & Technology
53291,Evolutionary Biology
248118,"Engineering, Mechanical"
121133,"Mathematics, Applied"
34968,"Physics, Condensed Matter"
118383,Oncology
279320,"Physics, Fluids & Plasmas"
181743,"Medicine, Legal"
290868,Immunology
234226,Telecommunications
170001,Clinical Neurology
226358,"Mathematics, Applied"
290848,Oncology
205893,Operations Research & Management Science
233517,"Computer Science, Information Systems"
196050,Surgery
254235,"Materials Science, Multidisciplinary"
39457,"Physics, Multidisciplinary"
213686,"Physics, Multidisciplinary"
6182,Instruments & Instrumentation
64735,Nanoscience & Nanotechnology
173428,Biochemical Research Methods
2068,"Physics, Multidisciplinary"
171658,Cell Biology
207924,Biophysics
217430,Law
83446,"Geosciences, Multidisciplinary"
159645,Hematology
18747,Neurosciences
285574,Nuclear Science & Technology
312565,Automation & Control Systems
151429,"Computer Science, Hardware & Architecture"
317460,Telecommunications
169052,Surgery
126565,Psychiatry
185838,Mathematics
196050,Clinical Neurology
313152,Telecommunications
78955,Astronomy & Astrophysics
297264,Oncology
223201,Optics
76563,"Materials Science, Multidisciplinary"
285574,"Materials Science, Multidisciplinary"
308993,"Engineering, Electrical & Electronic"
115329,"Radiology, Nuclear Medicine & Medical Imaging"
270924,Microbiology
63528,"Engineering, Electrical & Electronic"
213748,Cardiac & Cardiovascular Systems
74472,Toxicology
71189,Microbiology
125588,Urology & Nephrology
34557,Biophysics
17117,Surgery
222840,"Materials Science, Multidisciplinary"
50512,"Engineering, Biomedical"
12441,Paleontology
130165,Astronomy & Astrophysics
75680,Biochemistry & Molecular Biology
275781,Virology
225306,"Engineering, Electrical & Electronic"
148144,Multidisciplinary Sciences
196512,"Engineering, Mechanical"
178932,Instruments & Instrumentation
131650,Oceanography
55776,"Public, Environmental & Occupational Health"
155292,Biophysics
10351,"Geosciences, Multidisciplinary"
282113,Oncology
281521,Agronomy
178933,Instruments & Instrumentation
243800,Orthopedics
111565,Astronomy & Astrophysics
112626,Hematology
248915,Food Science & Technology
228239,Transportation Science & Technology
199902,Urology & Nephrology
39675,Oncology
316184,Multidisciplinary Sciences
154082,"Computer Science, Hardware & Architecture"
236338,Biochemistry & Molecular Biology
2533,Optics
33900,"Chemistry, Physical"
149100,"Computer Science, Theory & Methods"
255195,Biochemistry & Molecular Biology
150372,"Computer Science, Artificial Intelligence"
314840,Clinical Neurology
255470,Oncology
147329,Telecommunications
317469,Telecommunications
280704,"Physics, Multidisciplinary"
91340,Orthopedics
259667,Astronomy & Astrophysics
225306,"Computer Science, Theory & Methods"
32111,Clinical Neurology
228878,"Engineering, Electrical & Electronic"
248864,Biochemical Research Methods
131781,Oncology
291841,"Computer Science, Information Systems"
176733,Imaging Science & Photographic Technology
104757,Biochemistry & Molecular Biology
2876,Astronomy & Astrophysics
34715,Astronomy & Astrophysics
228122,"Computer Science, Theory & Methods"
224954,"Physics, Mathematical"
53882,"Physics, Particles & Fields"
240892,Oncology
184127,"Medicine, Legal"
230891,Telecommunications
34591,Hematology
74472,Environmental Sciences
147519,"Engineering, Electrical & Electronic"
293384,Urology & Nephrology
98948,"Chemistry, Organic"
4749,Cardiac & Cardiovascular Systems
122743,Biochemistry & Molecular Biology
131775,Hematology
190056,Geriatrics & Gerontology
106385,"Psychology, Multidisciplinary"
10351,"Geography, Physical"
176502,"Medicine, General & Internal"
302885,"Computer Science, Software Engineering"
561,Optics
294637,Oncology
106719,Parasitology
240430,Hematology
311742,"Computer Science, Artificial Intelligence"
6874,Respiratory System
80412,Peripheral Vascular Disease
266189,"Physics, Condensed Matter"
188330,"Chemistry, Multidisciplinary"
160300,"Medicine, General & Internal"
315999,Surgery
242882,Polymer Science
194986,"Computer Science, Information Systems"
33766,Clinical Neurology
18292,"Physics, Fluids & Plasmas"
63111,"Physics, Nuclear"
154207,Geochemistry & Geophysics
27114,"Medicine, Research & Experimental"
64883,Oncology
250831,"Geography, Physical"
258464,"Computer Science, Information Systems"
121133,Operations Research & Management Science
116644,Nanoscience & Nanotechnology
251147,Neurosciences
283064,Critical Care Medicine
273217,Astronomy & Astrophysics
248129,Biochemistry & Molecular Biology
109099,Biochemistry & Molecular Biology
103867,Multidisciplinary Sciences
159475,Hematology
16232,"Physics, Mathematical"
186440,Telecommunications
303477,"Physics, Multidisciplinary"
214574,Optics
35106,Astronomy & Astrophysics
281269,"Physics, Applied"
314247,"Computer Science, Theory & Methods"
90000,Orthopedics
150881,"Engineering, Electrical & Electronic"
212837,Anatomy & Morphology
125554,Urology & Nephrology
250831,"Geosciences, Multidisciplinary"
187993,Hematology
67962,Urology & Nephrology
34753,Astronomy & Astrophysics
307917,Optics
208391,Urology & Nephrology
255000,"Physics, Particles & Fields"
283849,Hematology
111832,Orthopedics
310382,"Chemistry, Physical"
56133,"Physics, Condensed Matter"
251561,Endocrinology & Metabolism
207056,"Computer Science, Hardware & Architecture"
280024,Oncology
108452,Genetics & Heredity
54786,"Chemistry, Multidisciplinary"
311742,"Computer Science, Information Systems"
187240,"Physics, Particles & Fields"
220065,"Computer Science, Hardware & Architecture"
135839,"Engineering, Biomedical"
20865,Biochemistry & Molecular Biology
194561,Urology & Nephrology
273865,Telecommunications
272648,Oncology
40271,Genetics & Heredity
310522,"Physics, Multidisciplinary"
153840,"Engineering, Electrical & Electronic"
75366,Immunology
212837,"Radiology, Nuclear Medicine & Medical Imaging"
295650,Plant Sciences
182624,Biochemistry & Molecular Biology
116936,Astronomy & Astrophysics
8063,Instruments & Instrumentation
114792,Biophysics
7480,Astronomy & Astrophysics
19647,Astronomy & Astrophysics
314247,"Engineering, Electrical & Electronic"
268384,Behavioral Sciences
22956,Psychiatry
111598,"Physics, Multidisciplinary"
199131,Hematology
152848,Telecommunications
27114,"Medicine, General & Internal"
249347,Hematology
185272,Plant Sciences
235685,Pathology
231849,Telecommunications
87328,Hematology
56041,"Physics, Fluids & Plasmas"
283324,"Geography, Physical"
29273,"Physics, Multidisciplinary"
78943,Astronomy & Astrophysics
75650,Oncology
27219,Horticulture
271375,Geochemistry & Geophysics
115989,"Agriculture, Dairy & Animal Science"
207944,Biophysics
86334,Cell Biology
290882,Oncology
182624,Physiology
67472,Endocrinology & Metabolism
306485,"Computer Science, Artificial Intelligence"
43056,"Chemistry, Applied"
150342,"Computer Science, Interdisciplinary Applications"
296081,Urology & Nephrology
290868,Transplantation
274353,Hematology
19650,Astronomy & Astrophysics
285574,Mining & Mineral Processing
8989,"Chemistry, Physical"
260631,"Computer Science, Hardware & Architecture"
222731,Limnology
149313,"Engineering, Electrical & Electronic"
78953,Astronomy & Astrophysics
27219,Plant Sciences
197926,"Geosciences, Multidisciplinary"
174396,Pediatrics
260182,Entomology
125938,"Computer Science, Information Systems"
252107,Cardiac & Cardiovascular Systems
80387,Virology
167389,"Physics, Nuclear"
179819,"Physics, Fluids & Plasmas"
280009,Oncology
302885,"Engineering, Electrical & Electronic"
192033,Clinical Neurology
233402,"Computer Science, Hardware & Architecture"
2094,"Physics, Particles & Fields"
203991,"Materials Science, Multidisciplinary"
295326,Pathology
263973,Cell Biology
240491,Hematology
20223,"Chemistry, Inorganic & Nuclear"
140838,"Physics, Applied"
176124,"Physics, Applied"
94363,Ecology
145159,"Computer Science, Theory & Methods"
270781,Surgery
219700,Telecommunications
82904,Hematology
31545,Multidisciplinary Sciences
191801,Hematology
10047,Astronomy & Astrophysics
201031,Virology
282943,Astronomy & Astrophysics
313488,Astronomy & Astrophysics
251284,Gastroenterology & Hepatology
185272,Pharmacology & Pharmacy
169270,Hematology
201031,Biochemical Research Methods
167194,Telecommunications
225306,"Computer Science, Information Systems"
34968,"Materials Science, Multidisciplinary"
54278,"Geosciences, Multidisciplinary"
244056,Pharmacology & Pharmacy
295326,Clinical Neurology
241871,Pathology
144928,"Computer Science, Information Systems"
137287,"Physics, Applied"
17615,Peripheral Vascular Disease
291246,Urology & Nephrology
88215,"Physics, Particles & Fields"
63528,"Computer Science, Information Systems"
280799,Microbiology
257301,Operations Research & Management Science
74650,Astronomy & Astrophysics
268572,Astronomy & Astrophysics
173538,Virology
233517,"Engineering, Electrical & Electronic"
310458,Instruments & Instrumentation
287622,Oncology
276520,Plant Sciences
155521,"Chemistry, Physical"
262519,Biophysics
82756,Hematology
260215,"Physics, Multidisciplinary"
315689,Telecommunications
92737,"Physics, Condensed Matter"
235685,Clinical Neurology
6965,Clinical Neurology
244383,Astronomy & Astrophysics
82849,Hematology
205893,"Engineering, Industrial"
228122,"Computer Science, Information Systems"
24240,Astronomy & Astrophysics
7881,"Business, Finance"
90574,"Engineering, Electrical & Electronic"
122690,Biophysics
34591,Transplantation
195619,"Physics, Mathematical"
6181,Instruments & Instrumentation
309170,"Engineering, Chemical"
209077,Infectious Diseases
280799,Immunology
211143,"Computer Science, Hardware & Architecture"
175942,"Materials Science, Coatings & Films"
281306,Gastroenterology & Hepatology
26871,"Physics, Multidisciplinary"
201271,Cell Biology
99538,Microbiology
273783,"Engineering, Chemical"
113291,"Physics, Multidisciplinary"
288632,"Engineering, Electrical & Electronic"
135574,Astronomy & Astrophysics
312278,"Engineering, Electrical & Electronic"
64735,"Chemistry, Physical"
27303,"Physics, Applied"
227752,Telecommunications
272151,Oncology
19572,"Chemistry, Medicinal"
94363,Environmental Sciences
287397,Virology
233587,"Computer Science, Hardware & Architecture"
54786,"Chemistry, Physical"
5154,Cell Biology
7488,Astronomy & Astrophysics
181981,Anesthesiology
187516,"Chemistry, Multidisciplinary"
106385,Psychology
125557,Urology & Nephrology
106385,Behavioral Sciences
291841,"Engineering, Electrical & Electronic"
55776,"Social Sciences, Biomedical"
251561,Neurosciences
200987,Spectroscopy
280029,Hematology
286272,Rheumatology
72814,Neurosciences
165419,Biochemistry & Molecular Biology
191751,Hematology
273010,Cell Biology
229075,"Computer Science, Hardware & Architecture"
292830,Optics
278316,Instruments & Instrumentation
119102,Cell Biology
154773,Cardiac & Cardiovascular Systems
125589,Urology & Nephrology
96839,"Physics, Fluids & Plasmas"
116581,Cell Biology
290559,"Chemistry, Analytical"
140837,"Physics, Applied"
237402,Critical Care Medicine
227369,"Computer Science, Hardware & Architecture"
48687,Urology & Nephrology
270280,Urology & Nephrology
228878,"Computer Science, Information Systems"
47544,Pharmacology & Pharmacy
237812,Virology
238841,Astronomy & Astrophysics
159455,Hematology
55776,Health Policy & Services
281805,Optics
251011,Oncology
157846,"Medicine, General & Internal"
53583,Surgery
195997,"Physics, Multidisciplinary"
164252,Biochemistry & Molecular Biology
80372,Biology
153443,"Physics, Applied"
182624,Zoology
221658,Food Science & Technology
266189,"Materials Science, Multidisciplinary"
41841,"Materials Science, Coatings & Films"
164544,Peripheral Vascular Disease
312520,Telecommunications
92785,"Physics, Condensed Matter"
26871,"Physics, Particles & Fields"
147519,"Computer Science, Hardware & Architecture"
194430,Cardiac & Cardiovascular Systems
77073,"Computer Science, Software Engineering"
123499,Cell Biology
189929,"Mathematics, Applied"
275660,Pharmacology & Pharmacy
87329,Biochemistry & Molecular Biology
185598,Neurosciences
209318,"Physics, Condensed Matter"
151430,"Computer Science, Artificial Intelligence"
87373,"Geography, Physical"
242856,"Physics, Multidisciplinary"
303959,"Computer Science, Information Systems"
147365,"Engineering, Electrical & Electronic"
48998,"Physics, Particles & Fields"
121893,Mechanics
251377,"Computer Science, Information Systems"
121893,"Materials Science, Multidisciplinary"
64478,Polymer Science
34450,Oncology
104433,Hematology
250571,Urology & Nephrology
82976,Hematology
60763,Biophysics
290559,Instruments & Instrumentation
216379,Urology & Nephrology
213826,"Physics, Mathematical"
6183,Instruments & Instrumentation
133315,"Physics, Applied"
148046,"Engineering, Electrical & Electronic"
95069,"Physics, Condensed Matter"
21267,Transplantation
294412,"Radiology, Nuclear Medicine & Medical Imaging"
313421,"Computer Science, Theory & Methods"
88215,"Physics, Multidisciplinary"
58907,Biochemistry & Molecular Biology
82351,Marine & Freshwater Biology
282600,Biochemistry & Molecular Biology
151429,"Computer Science, Theory & Methods"
303646,Water Resources
16136,Biophysics
150657,Pharmacology & Pharmacy
110936,"Physics, Particles & Fields"
84151,Transplantation
317468,Telecommunications
217248,Telecommunications
261887,"Physics, Atomic, Molecular & Chemical"
61989,Medical Informatics
4749,Peripheral Vascular Disease
282023,Urology & Nephrology
131246,"Physics, Nuclear"
254360,Agronomy
75048,"Physics, Mathematical"
87373,"Geosciences, Multidisciplinary"
116938,Astronomy & Astrophysics
280028,Oncology
154082,"Engineering, Electrical & Electronic"
273796,Urology & Nephrology
34564,Oncology
25318,Pharmacology & Pharmacy
30257,"Medicine, General & Internal"
93271,Oncology
2081,"Physics, Multidisciplinary"
233750,"Physics, Applied"
184756,Immunology
217430,Business
135839,"Materials Science, Biomaterials"
53583,Orthopedics
308993,"Computer Science, Hardware & Architecture"
261887,Optics
126449,"Physics, Condensed Matter"
205972,Rheumatology
279894,Endocrinology & Metabolism
234202,"Computer Science, Artificial Intelligence"
148046,"Computer Science, Theory & Methods"
76344,"Engineering, Mechanical"
255882,Oceanography
32111,Critical Care Medicine
151429,"Engineering, Electrical & Electronic"
30067,"Social Sciences, Interdisciplinary"
55751,"Chemistry, Multidisciplinary"
262034,Plant Sciences
82750,Hematology
249592,Multidisciplinary Sciences
220304,Telecommunications
225306,"Computer Science, Hardware & Architecture"
233541,Telecommunications
96781,"Physics, Condensed Matter"
73767,"Computer Science, Software Engineering"
106068,"Chemistry, Physical"
154082,"Computer Science, Theory & Methods"
251165,Neurosciences
282649,"Physics, Condensed Matter"
227381,Telecommunications
306257,"Chemistry, Multidisciplinary"
104360,Biochemical Research Methods
192690,"Physics, Multidisciplinary"
214700,"Computer Science, Artificial Intelligence"
207959,Hematology
231739,Pathology
158267,Telecommunications
25467,Astronomy & Astrophysics
77815,"Engineering, Mechanical"
78965,Astronomy & Astrophysics
53127,Astronomy & Astrophysics
227379,Telecommunications
228239,Telecommunications
150879,Telecommunications
75048,"Physics, Multidisciplinary"
261333,Urology & Nephrology
117846,Oncology
305434,Genetics & Heredity
150137,Telecommunications
109767,Endocrinology & Metabolism
277991,"Radiology, Nuclear Medicine & Medical Imaging"
204668,Oncology
257302,Operations Research & Management Science
25453,Biochemistry & Molecular Biology
159583,Hematology
87169,Cardiac & Cardiovascular Systems
57838,Cell Biology
152807,"Engineering, Electrical & Electronic"
173428,"Chemistry, Analytical"
310515,"Physics, Multidisciplinary"
187240,"Physics, Multidisciplinary"
110390,"Social Sciences, Interdisciplinary"
30175,"Physics, Particles & Fields"
127373,"Physics, Nuclear"
3001,Astronomy & Astrophysics
212438,"Physics, Fluids & Plasmas"
68774,"Physics, Applied"
195619,Mechanics
238130,Urology & Nephrology
286267,"Chemistry, Analytical"
233393,"Engineering, Electrical & Electronic"
58026,Astronomy & Astrophysics
240038,"Physics, Condensed Matter"
111832,Surgery
170134,"Materials Science, Coatings & Films"
218148,Zoology
178778,Biochemistry & Molecular Biology
272162,"Chemistry, Physical"
169925,"Physics, Particles & Fields"
151430,"Computer Science, Theory & Methods"
121966,Astronomy & Astrophysics
159671,Hematology
70254,Ecology
147304,Telecommunications
288165,"Physics, Applied"
203766,Optics
15767,Cardiac & Cardiovascular Systems
47187,Oncology
209187,Hematology
172187,Immunology
149498,Telecommunications
179543,"Mathematics, Applied"
158336,"Public, Environmental & Occupational Health"
21861,"Physics, Particles & Fields"
155292,Oncology
316790,Virology
290559,Electrochemistry
108629,"Physics, Multidisciplinary"
9057,"Physics, Particles & Fields"
288165,"Chemistry, Physical"
90571,"Computer Science, Information Systems"
200531,"Engineering, Chemical"
234202,"Engineering, Electrical & Electronic"
124290,"Materials Science, Multidisciplinary"
70409,Urology & Nephrology
77073,"Computer Science, Information Systems"
297443,"Physics, Fluids & Plasmas"
95900,"Physics, Condensed Matter"
159586,Hematology
243038,Hematology
293112,Microbiology
19572,"Chemistry, Organic"
220792,"Physics, Applied"
152054,Telecommunications
25453,Zoology
172187,Microbiology
151429,"Computer Science, Artificial Intelligence"
214001,"Materials Science, Multidisciplinary"
292231,Cardiac & Cardiovascular Systems
78378,"Materials Science, Multidisciplinary"
11786,Cardiac & Cardiovascular Systems
254235,Polymer Science
137791,Anesthesiology
228215,"Engineering, Electrical & Electronic"
15204,Astronomy & Astrophysics
105930,Neurosciences
30426,Nutrition & Dietetics
248864,"Chemistry, Analytical"
263793,Polymer Science
111564,Astronomy & Astrophysics
218771,Telecommunications
234202,"Computer Science, Theory & Methods"
7384,"Chemistry, Physical"
34557,Oncology
146033,Hematology
69286,"Chemistry, Physical"
227913,"Computer Science, Hardware & Architecture"
228886,Telecommunications
54278,"Engineering, Geological"
1469,"Physics, Particles & Fields"
313493,Astronomy & Astrophysics
43056,"Engineering, Chemical"
240631,Hematology
252925,Multidisciplinary Sciences
294024,Urology & Nephrology
164832,Cell Biology
205893,"Engineering, Manufacturing"
207959,Immunology
139541,"Computer Science, Information Systems"
218779,"Engineering, Electrical & Electronic"
86638,Telecommunications
175081,"Engineering, Mechanical"
212290,"Physics, Multidisciplinary"
234345,"Computer Science, Hardware & Architecture"
2976,"Physics, Multidisciplinary"
241548,Hematology
124263,Cardiac & Cardiovascular Systems
263227,Multidisciplinary Sciences
11412,"Engineering, Electrical & Electronic"
233398,"Engineering, Electrical & Electronic"
5526,"Physics, Particles & Fields"
1486,Anthropology
82351,Microbiology
186885,"Chemistry, Physical"
82980,Hematology
106719,Microbiology
150289,Biotechnology & Applied Microbiology
290848,Biophysics
150372,"Computer Science, Interdisciplinary Applications"
34582,Transplantation
207924,Oncology
2060,"Physics, Multidisciplinary"
284443,"Physics, Fluids & Plasmas"
309367,"Physics, Particles & Fields"
68949,"Geosciences, Multidisciplinary"
103612,"Engineering, Electrical & Electronic"
151430,"Engineering, Electrical & Electronic"
125553,Urology & Nephrology
13756,Astronomy & Astrophysics
160074,Cardiac & Cardiovascular Systems
238861,"Physics, Particles & Fields"
24509,Astronomy & Astrophysics
123784,Hematology
146775,"Computer Science, Interdisciplinary Applications"
185491,Veterinary Sciences
228073,"Physics, Applied"
16136,Biochemistry & Molecular Biology
76228,Cardiac & Cardiovascular Systems
233566,Telecommunications
227369,"Engineering, Electrical & Electronic"
212837,Surgery
280165,Oceanography
209318,"Materials Science, Multidisciplinary"
87830,Geochemistry & Geophysics
191819,Hematology
295399,Biochemistry & Molecular Biology
196015,Clinical Neurology
207962,Oncology
240463,Hematology
17117,Orthopedics
202235,"Engineering, Mechanical"
297586,"Chemistry, Physical"
125155,"Computer Science, Software Engineering"
83835,"Chemistry, Multidisciplinary"
312278,"Computer Science, Interdisciplinary Applications"
228882,Telecommunications
137537,"Computer Science, Theory & Methods"
259079,Astronomy & Astrophysics
217430,Political Science
66903,"Physics, Condensed Matter"
56416,"Physics, Atomic, Molecular & Chemical"
121893,"Physics, Condensed Matter"
119102,Genetics & Heredity
87767,"Chemistry, Medicinal"
96424,Astronomy & Astrophysics
273010,Genetics & Heredity
134269,"Computer Science, Artificial Intelligence"
24225,"Physics, Multidisciplinary"
78962,Astronomy & Astrophysics
169052,Orthopedics
44092,"Agriculture, Dairy & Animal Science"
175942,"Physics, Applied"
233587,"Engineering, Electrical & Electronic"
162082,Oncology
114792,Oncology
266987,Optics
164544,Cardiac & Cardiovascular Systems
175644,Endocrinology & Metabolism
62564,Astronomy & Astrophysics
196269,"Physics, Condensed Matter"
160087,Astronomy & Astrophysics
229418,Transportation Science & Technology
221719,Biochemistry & Molecular Biology
34582,Immunology
243290,"Physics, Particles & Fields"
251377,"Engineering, Electrical & Electronic"
286744,Biochemistry & Molecular Biology
220792,"Physics, Nuclear"
53126,Astronomy & Astrophysics
162066,"Physics, Nuclear"
76585,"Engineering, Civil"
173889,Surgery
231849,"Mathematics, Applied"
207959,Transplantation
205432,Urology & Nephrology
216528,Mathematics
290882,Biophysics
317315,Telecommunications
256142,Astronomy & Astrophysics
63956,Astronomy & Astrophysics
97646,"Medicine, Research & Experimental"
207944,Oncology
229075,"Engineering, Electrical & Electronic"
8769,"Physics, Multidisciplinary"
213826,"Computer Science, Interdisciplinary Applications"
251560,Neurosciences
196015,Surgery
39382,Astronomy & Astrophysics
243306,"Physics, Particles & Fields"
292379,"Geosciences, Multidisciplinary"
205685,Peripheral Vascular Disease
176503,"Medicine, General & Internal"
258256,Biochemistry & Molecular Biology
218661,"Physics, Multidisciplinary"
131774,Oncology
272601,Urology & Nephrology
56234,Optics
50922,Clinical Neurology
14337,Endocrinology & Metabolism
17615,Cardiac & Cardiovascular Systems
126449,"Materials Science, Multidisciplinary"
6167,Instruments & Instrumentation
244396,"Physics, Mathematical"
20152,"Physics, Multidisciplinary"
63332,Water Resources
293576,"Chemistry, Physical"
116937,"Physics, Particles & Fields"
74105,Urology & Nephrology
129553,Oncology
10352,"Geosciences, Multidisciplinary"
211143,"Engineering, Electrical & Electronic"
234202,"Computer Science, Cybernetics"
243800,Sport Sciences
5532,"Physics, Particles & Fields"
280016,Hematology
78944,Astronomy & Astrophysics
295005,Urology & Nephrology
118393,"Physics, Multidisciplinary"
213710,Oncology
126565,Clinical Neurology
40795,Oncology
174544,"Physics, Particles & Fields"
257302,"Engineering, Industrial"
97657,"Medicine, Research & Experimental"
28876,Astronomy & Astrophysics
238232,Oncology
53302,Anthropology
13327,"Chemistry, Physical"
91340,Surgery
254360,Plant Sciences
284535,Plant Sciences
250831,Environmental Sciences
19940,Urology & Nephrology
266036,"Agriculture, Dairy & Animal Science"
10352,"Geography, Physical"
56416,Optics
87446,Astronomy & Astrophysics
221731,"Chemistry, Medicinal"
41841,"Physics, Applied"
81321,Biodiversity Conservation
98262,"Physics, Condensed Matter"
84151,Hematology
126565,Surgery
233517,"Computer Science, Interdisciplinary Applications"
5524,"Physics, Particles & Fields"
78633,"Radiology, Nuclear Medicine & Medical Imaging"
243755,Pharmacology & Pharmacy
185838,"Mathematics, Applied"
170485,Astronomy & Astrophysics
16504,Oncology
315642,Telecommunications
131650,Marine & Freshwater Biology
185491,"Agriculture, Dairy & Animal Science"
65834,Environmental Sciences
243800,Surgery
181309,Oncology
219794,Optics
21267,Hematology
248171,Food Science & Technology
70514,Biology
84503,Cell Biology
150342,"Computer Science, Artificial Intelligence"
233382,Telecommunications
89447,Urology & Nephrology
253606,"Physics, Multidisciplinary"
270282,Urology & Nephrology
78966,Astronomy & Astrophysics
178096,Clinical Neurology
70514,Multidisciplinary Sciences
56994,Infectious Diseases
275592,Infectious Diseases
233749,"Physics, Applied"
208394,Urology & Nephrology
142422,"Computer Science, Artificial Intelligence"
65513,"Physics, Nuclear"
19646,Astronomy & Astrophysics
126997,Astronomy & Astrophysics
6824,Pharmacology & Pharmacy
283324,Ecology
104360,"Chemistry, Organic"
98948,"Chemistry, Medicinal"
240394,Hematology
233402,"Engineering, Electrical & Electronic"
116390,Oncology
84812,Urology & Nephrology
90571,"Engineering, Electrical & Electronic"
4169,"Physics, Particles & Fields"
38841,"Physics, Multidisciplinary"
284535,Pharmacology & Pharmacy
148046,"Computer Science, Software Engineering"
230676,Cardiac & Cardiovascular Systems
10316,Respiratory System
191792,Hematology
3002,"Physics, Particles & Fields"
23794,"Materials Science, Multidisciplinary"
291262,Urology & Nephrology
292379,Oceanography
121985,"Physics, Mathematical"
207056,"Computer Science, Theory & Methods"
75281,Urology & Nephrology
163723,Urology & Nephrology
34582,Hematology
78942,Astronomy & Astrophysics
95900,"Materials Science, Multidisciplinary"
291269,Urology & Nephrology
248539,Immunology
260631,"Engineering, Electrical & Electronic"
124290,"Physics, Condensed Matter"
149313,"Computer Science, Hardware & Architecture"
231931,Telecommunications
159418,Hematology
214001,"Physics, Condensed Matter"
198956,Surgery
15640,"Physics, Particles & Fields"
220065,"Computer Science, Theory & Methods"
137791,Clinical Neurology
203846,"Physics, Multidisciplinary"
50512,"Materials Science, Biomaterials"
259506,Pharmacology & Pharmacy
105534,Rheumatology
33556,Biochemical Research Methods
269742,Telecommunications
186581,Astronomy & Astrophysics
251560,Endocrinology & Metabolism
134412,"Engineering, Mechanical"
103612,"Computer Science, Information Systems"
124275,Cardiac & Cardiovascular Systems
313421,Logic
65513,"Physics, Atomic, Molecular & Chemical"
187238,Astronomy & Astrophysics
14043,Oncology
92656,Orthopedics
63433,"Chemistry, Multidisciplinary"
207714,Microscopy
216767,"Computer Science, Theory & Methods"
1697,"Physics, Multidisciplinary"
248379,Infectious Diseases
257301,"Engineering, Manufacturing"
91879,Clinical Neurology
68542,"Medicine, Research & Experimental"
122690,Oncology
150289,Oncology
127377,Astronomy & Astrophysics
223905,Plant Sciences
11412,"Computer Science, Information Systems"
149361,"Computer Science, Artificial Intelligence"
251377,"Computer Science, Artificial Intelligence"
288164,"Physics, Applied"
268369,"Physics, Multidisciplinary"
205881,Telecommunications
221463,Meteorology & Atmospheric Sciences
188773,Cardiac & Cardiovascular Systems
274288,Hematology
185491,Reproductive Biology
10569,"Engineering, Chemical"
84151,Immunology
106719,Virology
249346,Peripheral Vascular Disease
6184,Instruments & Instrumentation
38000,"Physics, Fluids & Plasmas"
6362,Geochemistry & Geophysics
13753,"Physics, Particles & Fields"
81734,Ornithology
235219,Astronomy & Astrophysics
288164,"Chemistry, Physical"
292926,Cardiac & Cardiovascular Systems
21267,Immunology
110754,Peripheral Vascular Disease
306257,Nanoscience & Nanotechnology
297586,"Chemistry, Multidisciplinary"
13713,"Physics, Multidisciplinary"
275732,"Chemistry, Physical"
222731,Oceanography
108452,Cell Biology
210290,Hematology
255468,Oncology
113626,Hematology
297903,"Engineering, Mechanical"
117211,Surgery
275660,Biochemistry & Molecular Biology
153523,"Engineering, Electrical & Electronic"
82351,Ecology
188997,Genetics & Heredity
250570,Urology & Nephrology
